{
  "sysface": [
    {
      "QSid": "392",
      "QDes": "/龙年快乐",
      "IQLid": "392",
      "AQLid": "392",
      "EMCode": "10392",
      "AniStickerType": 3,
      "AniStickerPackId": "1",
      "AniStickerId": "38"
    },
    {
      "QSid": "393",
      "QDes": "/新年中龙",
      "IQLid": "393",
      "AQLid": "393",
      "EMCode": "10393",
      "QHide": "1",
      "AniStickerType": 3,
      "AniStickerPackId": "1",
      "AniStickerId": "39"
    },
    {
      "QSid": "394",
      "QDes": "/新年大龙",
      "IQLid": "394",
      "AQLid": "394",
      "EMCode": "10394",
      "QHide": "1",
      "AniStickerType": 3,
      "AniStickerPackId": "1",
      "AniStickerId": "40"
    },
    {
      "QSid": "14",
      "QDes": "/微笑",
      "IQLid": "23",
      "AQLid": "23",
      "EMCode": "100"
    },
    {
      "QSid": "1",
      "QDes": "/撇嘴",
      "IQLid": "40",
      "AQLid": "40",
      "EMCode": "101"
    },
    {
      "QSid": "2",
      "QDes": "/色",
      "IQLid": "19",
      "AQLid": "19",
      "EMCode": "102"
    },
    {
      "QSid": "3",
      "QDes": "/发呆",
      "IQLid": "43",
      "AQLid": "43",
      "EMCode": "103"
    },
    {
      "QSid": "4",
      "QDes": "/得意",
      "IQLid": "21",
      "AQLid": "21",
      "EMCode": "104"
    },
    {
      "QSid": "6",
      "QDes": "/害羞",
      "IQLid": "20",
      "AQLid": "20",
      "EMCode": "106"
    },
    {
      "QSid": "7",
      "QDes": "/闭嘴",
      "IQLid": "104",
      "AQLid": "106",
      "EMCode": "107"
    },
    {
      "QSid": "8",
      "QDes": "/睡",
      "IQLid": "35",
      "AQLid": "35",
      "EMCode": "108"
    },
    {
      "QSid": "9",
      "QDes": "/大哭",
      "IQLid": "10",
      "AQLid": "10",
      "EMCode": "109"
    },
    {
      "QSid": "5",
      "QDes": "/流泪",
      "IQLid": "9",
      "AQLid": "9",
      "EMCode": "105",
      "AniStickerType": 1,
      "AniStickerPackId": "1",
      "AniStickerId": "16"
    },
    {
      "QSid": "10",
      "QDes": "/尴尬",
      "IQLid": "25",
      "AQLid": "25",
      "EMCode": "110"
    },
    {
      "QSid": "11",
      "QDes": "/发怒",
      "IQLid": "24",
      "AQLid": "24",
      "EMCode": "111"
    },
    {
      "QSid": "12",
      "QDes": "/调皮",
      "IQLid": "1",
      "AQLid": "1",
      "EMCode": "112"
    },
    {
      "QSid": "13",
      "QDes": "/呲牙",
      "IQLid": "0",
      "AQLid": "0",
      "EMCode": "113"
    },
    {
      "QSid": "0",
      "QDes": "/惊讶",
      "IQLid": "33",
      "AQLid": "33",
      "EMCode": "114"
    },
    {
      "QSid": "15",
      "QDes": "/难过",
      "IQLid": "32",
      "AQLid": "32",
      "EMCode": "115"
    },
    {
      "QSid": "16",
      "QDes": "/酷",
      "IQLid": "12",
      "AQLid": "12",
      "EMCode": "116"
    },
    {
      "QSid": "96",
      "QDes": "/冷汗",
      "IQLid": "27",
      "AQLid": "27",
      "EMCode": "117"
    },
    {
      "QSid": "18",
      "QDes": "/抓狂",
      "IQLid": "13",
      "AQLid": "13",
      "EMCode": "118"
    },
    {
      "QSid": "19",
      "QDes": "/吐",
      "IQLid": "22",
      "AQLid": "22",
      "EMCode": "119"
    },
    {
      "QSid": "20",
      "QDes": "/偷笑",
      "IQLid": "3",
      "AQLid": "3",
      "EMCode": "120"
    },
    {
      "QSid": "21",
      "QDes": "/可爱",
      "IQLid": "18",
      "AQLid": "18",
      "EMCode": "121"
    },
    {
      "QSid": "22",
      "QDes": "/白眼",
      "IQLid": "30",
      "AQLid": "30",
      "EMCode": "122"
    },
    {
      "QSid": "23",
      "QDes": "/傲慢",
      "IQLid": "31",
      "AQLid": "31",
      "EMCode": "123"
    },
    {
      "QSid": "24",
      "QDes": "/饥饿",
      "IQLid": "79",
      "AQLid": "81",
      "EMCode": "124"
    },
    {
      "QSid": "25",
      "QDes": "/困",
      "IQLid": "80",
      "AQLid": "82",
      "EMCode": "125"
    },
    {
      "QSid": "26",
      "QDes": "/惊恐",
      "IQLid": "26",
      "AQLid": "26",
      "EMCode": "126"
    },
    {
      "QSid": "27",
      "QDes": "/流汗",
      "IQLid": "2",
      "AQLid": "2",
      "EMCode": "127"
    },
    {
      "QSid": "28",
      "QDes": "/憨笑",
      "IQLid": "37",
      "AQLid": "37",
      "EMCode": "128"
    },
    {
      "QSid": "29",
      "QDes": "/悠闲",
      "IQLid": "50",
      "AQLid": "50",
      "EMCode": "129"
    },
    {
      "QSid": "30",
      "QDes": "/奋斗",
      "IQLid": "42",
      "AQLid": "42",
      "EMCode": "130"
    },
    {
      "QSid": "31",
      "QDes": "/咒骂",
      "IQLid": "81",
      "AQLid": "83",
      "EMCode": "131"
    },
    {
      "QSid": "32",
      "QDes": "/疑问",
      "IQLid": "34",
      "AQLid": "34",
      "EMCode": "132"
    },
    {
      "QSid": "33",
      "QDes": "/嘘",
      "IQLid": "11",
      "AQLid": "11",
      "EMCode": "133"
    },
    {
      "QSid": "34",
      "QDes": "/晕",
      "IQLid": "49",
      "AQLid": "49",
      "EMCode": "134"
    },
    {
      "QSid": "35",
      "QDes": "/折磨",
      "IQLid": "82",
      "AQLid": "84",
      "EMCode": "135"
    },
    {
      "QSid": "36",
      "QDes": "/衰",
      "IQLid": "39",
      "AQLid": "39",
      "EMCode": "136"
    },
    {
      "QSid": "37",
      "QDes": "/骷髅",
      "isStatic": "1",
      "IQLid": "76",
      "AQLid": "78",
      "EMCode": "137"
    },
    {
      "QSid": "38",
      "QDes": "/敲打",
      "IQLid": "5",
      "AQLid": "5",
      "EMCode": "138"
    },
    {
      "QSid": "39",
      "QDes": "/再见",
      "IQLid": "4",
      "AQLid": "4",
      "EMCode": "139"
    },
    {
      "QSid": "97",
      "QDes": "/擦汗",
      "IQLid": "6",
      "AQLid": "6",
      "EMCode": "140"
    },
    {
      "QSid": "98",
      "QDes": "/抠鼻",
      "IQLid": "83",
      "AQLid": "85",
      "EMCode": "141"
    },
    {
      "QSid": "99",
      "QDes": "/鼓掌",
      "IQLid": "84",
      "AQLid": "86",
      "EMCode": "142"
    },
    {
      "QSid": "100",
      "QDes": "/糗大了",
      "IQLid": "85",
      "AQLid": "87",
      "EMCode": "143"
    },
    {
      "QSid": "101",
      "QDes": "/坏笑",
      "IQLid": "46",
      "AQLid": "46",
      "EMCode": "144"
    },
    {
      "QSid": "102",
      "QDes": "/左哼哼",
      "IQLid": "86",
      "AQLid": "88",
      "EMCode": "145"
    },
    {
      "QSid": "103",
      "QDes": "/右哼哼",
      "IQLid": "44",
      "AQLid": "44",
      "EMCode": "146"
    },
    {
      "QSid": "104",
      "QDes": "/哈欠",
      "IQLid": "87",
      "AQLid": "89",
      "EMCode": "147"
    },
    {
      "QSid": "105",
      "QDes": "/鄙视",
      "IQLid": "48",
      "AQLid": "48",
      "EMCode": "148"
    },
    {
      "QSid": "106",
      "QDes": "/委屈",
      "IQLid": "14",
      "AQLid": "14",
      "EMCode": "149"
    },
    {
      "QSid": "107",
      "QDes": "/快哭了",
      "IQLid": "88",
      "AQLid": "90",
      "EMCode": "150"
    },
    {
      "QSid": "108",
      "QDes": "/阴险",
      "IQLid": "41",
      "AQLid": "41",
      "EMCode": "151"
    },
    {
      "QSid": "305",
      "QDes": "/右亲亲",
      "IQLid": "305",
      "AQLid": "305",
      "EMCode": "10305"
    },
    {
      "QSid": "109",
      "QDes": "/左亲亲",
      "IQLid": "36",
      "AQLid": "36",
      "EMCode": "152"
    },
    {
      "QSid": "110",
      "QDes": "/吓",
      "IQLid": "89",
      "AQLid": "91",
      "EMCode": "153"
    },
    {
      "QSid": "111",
      "QDes": "/可怜",
      "IQLid": "51",
      "AQLid": "51",
      "EMCode": "154"
    },
    {
      "QSid": "172",
      "QDes": "/眨眼睛",
      "IQLid": "142",
      "AQLid": "164",
      "EMCode": "242"
    },
    {
      "QSid": "182",
      "QDes": "/笑哭",
      "IQLid": "152",
      "AQLid": "174",
      "EMCode": "252"
    },
    {
      "QSid": "179",
      "QDes": "/doge",
      "IQLid": "149",
      "AQLid": "171",
      "EMCode": "249"
    },
    {
      "QSid": "173",
      "QDes": "/泪奔",
      "IQLid": "143",
      "AQLid": "165",
      "EMCode": "243"
    },
    {
      "QSid": "174",
      "QDes": "/无奈",
      "IQLid": "144",
      "AQLid": "166",
      "EMCode": "244"
    },
    {
      "QSid": "212",
      "QDes": "/托腮",
      "IQLid": "182",
      "AQLid": "161",
      "EMCode": "282"
    },
    {
      "QSid": "175",
      "QDes": "/卖萌",
      "IQLid": "145",
      "AQLid": "167",
      "EMCode": "245"
    },
    {
      "QSid": "178",
      "QDes": "/斜眼笑",
      "IQLid": "148",
      "AQLid": "170",
      "EMCode": "248"
    },
    {
      "QSid": "177",
      "QDes": "/喷血",
      "IQLid": "147",
      "AQLid": "169",
      "EMCode": "247"
    },
    {
      "QSid": "176",
      "QDes": "/小纠结",
      "IQLid": "146",
      "AQLid": "168",
      "EMCode": "246"
    },
    {
      "QSid": "183",
      "QDes": "/我最美",
      "IQLid": "153",
      "AQLid": "175",
      "EMCode": "253"
    },
    {
      "QSid": "262",
      "QDes": "/脑阔疼",
      "IQLid": "262",
      "AQLid": "262",
      "EMCode": "10262"
    },
    {
      "QSid": "263",
      "QDes": "/沧桑",
      "IQLid": "263",
      "AQLid": "263",
      "EMCode": "10263"
    },
    {
      "QSid": "264",
      "QDes": "/捂脸",
      "IQLid": "264",
      "AQLid": "264",
      "EMCode": "10264"
    },
    {
      "QSid": "265",
      "QDes": "/辣眼睛",
      "IQLid": "265",
      "AQLid": "265",
      "EMCode": "10265"
    },
    {
      "QSid": "266",
      "QDes": "/哦哟",
      "IQLid": "266",
      "AQLid": "266",
      "EMCode": "10266"
    },
    {
      "QSid": "267",
      "QDes": "/头秃",
      "IQLid": "267",
      "AQLid": "267",
      "EMCode": "10267"
    },
    {
      "QSid": "268",
      "QDes": "/问号脸",
      "IQLid": "268",
      "AQLid": "268",
      "EMCode": "10268"
    },
    {
      "QSid": "269",
      "QDes": "/暗中观察",
      "IQLid": "269",
      "AQLid": "269",
      "EMCode": "10269"
    },
    {
      "QSid": "270",
      "QDes": "/emm",
      "IQLid": "270",
      "AQLid": "270",
      "EMCode": "10270"
    },
    {
      "QSid": "271",
      "QDes": "/吃瓜",
      "IQLid": "271",
      "AQLid": "271",
      "EMCode": "10271"
    },
    {
      "QSid": "272",
      "QDes": "/呵呵哒",
      "IQLid": "272",
      "AQLid": "272",
      "EMCode": "10272"
    },
    {
      "QSid": "277",
      "QDes": "/汪汪",
      "IQLid": "277",
      "AQLid": "277",
      "EMCode": "10277"
    },
    {
      "QSid": "307",
      "QDes": "/喵喵",
      "IQLid": "307",
      "AQLid": "307",
      "EMCode": "10307"
    },
    {
      "QSid": "306",
      "QDes": "/牛气冲天",
      "isStatic": "1",
      "IQLid": "306",
      "AQLid": "306",
      "EMCode": "10306"
    },
    {
      "QSid": "281",
      "QDes": "/无眼笑",
      "IQLid": "281",
      "AQLid": "281",
      "EMCode": "10281"
    },
    {
      "QSid": "282",
      "QDes": "/敬礼",
      "IQLid": "282",
      "AQLid": "282",
      "EMCode": "10282"
    },
    {
      "QSid": "283",
      "QDes": "/狂笑",
      "IQLid": "283",
      "AQLid": "283",
      "EMCode": "10283"
    },
    {
      "QSid": "284",
      "QDes": "/面无表情",
      "IQLid": "284",
      "AQLid": "284",
      "EMCode": "10284"
    },
    {
      "QSid": "285",
      "QDes": "/摸鱼",
      "IQLid": "285",
      "AQLid": "285",
      "EMCode": "10285"
    },
    {
      "QSid": "293",
      "QDes": "/摸锦鲤",
      "IQLid": "293",
      "AQLid": "293",
      "EMCode": "10293"
    },
    {
      "QSid": "286",
      "QDes": "/魔鬼笑",
      "IQLid": "286",
      "AQLid": "286",
      "EMCode": "10286"
    },
    {
      "QSid": "287",
      "QDes": "/哦",
      "IQLid": "287",
      "AQLid": "287",
      "EMCode": "10287"
    },
    {
      "QSid": "289",
      "QDes": "/睁眼",
      "IQLid": "289",
      "AQLid": "289",
      "EMCode": "10289"
    },
    {
      "QSid": "294",
      "QDes": "/期待",
      "IQLid": "294",
      "AQLid": "294",
      "EMCode": "10294"
    },
    {
      "QSid": "297",
      "QDes": "/拜谢",
      "IQLid": "297",
      "AQLid": "297",
      "EMCode": "10297"
    },
    {
      "QSid": "298",
      "QDes": "/元宝",
      "IQLid": "298",
      "AQLid": "298",
      "EMCode": "10298"
    },
    {
      "QSid": "299",
      "QDes": "/牛啊",
      "IQLid": "299",
      "AQLid": "299",
      "EMCode": "10299"
    },
    {
      "QSid": "300",
      "QDes": "/胖三斤",
      "IQLid": "300",
      "AQLid": "300",
      "EMCode": "10300"
    },
    {
      "QSid": "323",
      "QDes": "/嫌弃",
      "IQLid": "323",
      "AQLid": "323",
      "EMCode": "10323"
    },
    {
      "QSid": "332",
      "QDes": "/举牌牌",
      "IQLid": "332",
      "AQLid": "332",
      "EMCode": "10332"
    },
    {
      "QSid": "336",
      "QDes": "/豹富",
      "IQLid": "336",
      "AQLid": "336",
      "EMCode": "10336"
    },
    {
      "QSid": "353",
      "QDes": "/拜托",
      "IQLid": "353",
      "AQLid": "353",
      "EMCode": "10353"
    },
    {
      "QSid": "355",
      "QDes": "/耶",
      "IQLid": "355",
      "AQLid": "355",
      "EMCode": "10355"
    },
    {
      "QSid": "356",
      "QDes": "/666",
      "IQLid": "356",
      "AQLid": "356",
      "EMCode": "10356"
    },
    {
      "QSid": "354",
      "QDes": "/尊嘟假嘟",
      "IQLid": "354",
      "AQLid": "354",
      "EMCode": "10354"
    },
    {
      "QSid": "352",
      "QDes": "/咦",
      "IQLid": "352",
      "AQLid": "352",
      "EMCode": "10352"
    },
    {
      "QSid": "357",
      "QDes": "/裂开",
      "IQLid": "357",
      "AQLid": "357",
      "EMCode": "10357"
    },
    {
      "QSid": "334",
      "QDes": "/虎虎生威",
      "IQLid": "334",
      "AQLid": "334",
      "EMCode": "10334"
    },
    {
      "QSid": "347",
      "QDes": "/大展宏兔",
      "IQLid": "347",
      "AQLid": "347",
      "EMCode": "10347"
    },
    {
      "QSid": "303",
      "QDes": "/右拜年",
      "IQLid": "303",
      "AQLid": "303",
      "EMCode": "10303"
    },
    {
      "QSid": "302",
      "QDes": "/左拜年",
      "IQLid": "302",
      "AQLid": "302",
      "EMCode": "10302"
    },
    {
      "QSid": "295",
      "QDes": "/拿到红包",
      "IQLid": "295",
      "AQLid": "295",
      "EMCode": "10295"
    },
    {
      "QSid": "311",
      "QDes": "/打call",
      "IQLid": "311",
      "AQLid": "311",
      "EMCode": "10311",
      "AniStickerType": 1,
      "AniStickerPackId": "1",
      "AniStickerId": "1"
    },
    {
      "QSid": "312",
      "QDes": "/变形",
      "IQLid": "312",
      "AQLid": "312",
      "EMCode": "10312",
      "AniStickerType": 1,
      "AniStickerPackId": "1",
      "AniStickerId": "2"
    },
    {
      "QSid": "314",
      "QDes": "/仔细分析",
      "IQLid": "314",
      "AQLid": "314",
      "EMCode": "10314",
      "AniStickerType": 1,
      "AniStickerPackId": "1",
      "AniStickerId": "4"
    },
    {
      "QSid": "317",
      "QDes": "/菜汪",
      "IQLid": "317",
      "AQLid": "317",
      "EMCode": "10317",
      "AniStickerType": 1,
      "AniStickerPackId": "1",
      "AniStickerId": "7"
    },
    {
      "QSid": "318",
      "QDes": "/崇拜",
      "IQLid": "318",
      "AQLid": "318",
      "EMCode": "10318",
      "AniStickerType": 1,
      "AniStickerPackId": "1",
      "AniStickerId": "8"
    },
    {
      "QSid": "319",
      "QDes": "/比心",
      "IQLid": "319",
      "AQLid": "319",
      "EMCode": "10319",
      "AniStickerType": 1,
      "AniStickerPackId": "1",
      "AniStickerId": "9"
    },
    {
      "QSid": "320",
      "QDes": "/庆祝",
      "IQLid": "320",
      "AQLid": "320",
      "EMCode": "10320",
      "AniStickerType": 1,
      "AniStickerPackId": "1",
      "AniStickerId": "10"
    },
    {
      "QSid": "324",
      "QDes": "/吃糖",
      "IQLid": "324",
      "AQLid": "324",
      "EMCode": "10324",
      "AniStickerType": 1,
      "AniStickerPackId": "1",
      "AniStickerId": "12"
    },
    {
      "QSid": "325",
      "QDes": "/惊吓",
      "IQLid": "325",
      "AQLid": "325",
      "EMCode": "10325",
      "AniStickerType": 1,
      "AniStickerPackId": "1",
      "AniStickerId": "14"
    },
    {
      "QSid": "337",
      "QDes": "/花朵脸",
      "IQLid": "337",
      "AQLid": "337",
      "EMCode": "10337",
      "AniStickerType": 1,
      "AniStickerPackId": "1",
      "AniStickerId": "22"
    },
    {
      "QSid": "338",
      "QDes": "/我想开了",
      "IQLid": "338",
      "AQLid": "338",
      "EMCode": "10338",
      "AniStickerType": 1,
      "AniStickerPackId": "1",
      "AniStickerId": "20"
    },
    {
      "QSid": "339",
      "QDes": "/舔屏",
      "IQLid": "339",
      "AQLid": "339",
      "EMCode": "10339",
      "AniStickerType": 1,
      "AniStickerPackId": "1",
      "AniStickerId": "21"
    },
    {
      "QSid": "341",
      "QDes": "/打招呼",
      "IQLid": "341",
      "AQLid": "341",
      "EMCode": "10341",
      "AniStickerType": 1,
      "AniStickerPackId": "1",
      "AniStickerId": "24"
    },
    {
      "QSid": "342",
      "QDes": "/酸Q",
      "IQLid": "342",
      "AQLid": "342",
      "EMCode": "10342",
      "AniStickerType": 1,
      "AniStickerPackId": "1",
      "AniStickerId": "26"
    },
    {
      "QSid": "343",
      "QDes": "/我方了",
      "IQLid": "343",
      "AQLid": "343",
      "EMCode": "10343",
      "AniStickerType": 1,
      "AniStickerPackId": "1",
      "AniStickerId": "27"
    },
    {
      "QSid": "344",
      "QDes": "/大怨种",
      "IQLid": "344",
      "AQLid": "344",
      "EMCode": "10344",
      "AniStickerType": 1,
      "AniStickerPackId": "1",
      "AniStickerId": "28"
    },
    {
      "QSid": "345",
      "QDes": "/红包多多",
      "IQLid": "345",
      "AQLid": "345",
      "EMCode": "10345",
      "AniStickerType": 1,
      "AniStickerPackId": "1",
      "AniStickerId": "29"
    },
    {
      "QSid": "346",
      "QDes": "/你真棒棒",
      "IQLid": "346",
      "AQLid": "346",
      "EMCode": "10346",
      "AniStickerType": 1,
      "AniStickerPackId": "1",
      "AniStickerId": "25"
    },
    {
      "QSid": "181",
      "QDes": "/戳一戳",
      "IQLid": "151",
      "AQLid": "173",
      "EMCode": "251",
      "AniStickerType": 1,
      "AniStickerPackId": "1",
      "AniStickerId": "37"
    },
    {
      "QSid": "74",
      "QDes": "/太阳",
      "isStatic": "1",
      "IQLid": "73",
      "AQLid": "75",
      "EMCode": "176",
      "AniStickerType": 1,
      "AniStickerPackId": "1",
      "AniStickerId": "35"
    },
    {
      "QSid": "75",
      "QDes": "/月亮",
      "isStatic": "1",
      "IQLid": "67",
      "AQLid": "68",
      "EMCode": "175",
      "AniStickerType": 1,
      "AniStickerPackId": "1",
      "AniStickerId": "36"
    },
    {
      "QSid": "351",
      "QDes": "/敲敲",
      "IQLid": "351",
      "AQLid": "351",
      "EMCode": "10351",
      "AniStickerType": 1,
      "AniStickerPackId": "1",
      "AniStickerId": "30"
    },
    {
      "QSid": "349",
      "QDes": "/坚强",
      "IQLid": "349",
      "AQLid": "349",
      "EMCode": "10349",
      "AniStickerType": 1,
      "AniStickerPackId": "1",
      "AniStickerId": "32"
    },
    {
      "QSid": "350",
      "QDes": "/贴贴",
      "IQLid": "350",
      "AQLid": "350",
      "EMCode": "10350",
      "AniStickerType": 1,
      "AniStickerPackId": "1",
      "AniStickerId": "31"
    },
    {
      "QSid": "395",
      "QDes": "/略略略",
      "IQLid": "395",
      "AQLid": "395",
      "EMCode": "10395",
      "AniStickerType": 1,
      "AniStickerPackId": "1",
      "AniStickerId": "41"
    },
    {
      "QSid": "114",
      "QDes": "/篮球",
      "IQLid": "90",
      "AQLid": "92",
      "EMCode": "158",
      "AniStickerType": 2,
      "AniStickerPackId": "1",
      "AniStickerId": "13"
    },
    {
      "QSid": "358",
      "QDes": "/骰子",
      "IQLid": "358",
      "AQLid": "358",
      "QHide": "1",
      "EMCode": "10358",
      "AniStickerType": 2,
      "AniStickerPackId": "1",
      "AniStickerId": "33"
    },
    {
      "QSid": "359",
      "QDes": "/包剪锤",
      "IQLid": "359",
      "AQLid": "359",
      "QHide": "1",
      "EMCode": "10359",
      "AniStickerType": 2,
      "AniStickerPackId": "1",
      "AniStickerId": "34"
    },
    {
      "QSid": "326",
      "QDes": "/生气",
      "IQLid": "326",
      "AQLid": "326",
      "EMCode": "10326",
      "AniStickerType": 1,
      "AniStickerPackId": "1",
      "AniStickerId": "15"
    },
    {
      "QSid": "53",
      "QDes": "/蛋糕",
      "IQLid": "59",
      "AQLid": "59",
      "EMCode": "168",
      "AniStickerType": 1,
      "AniStickerPackId": "1",
      "AniStickerId": "17"
    },
    {
      "QSid": "49",
      "QDes": "/拥抱",
      "IQLid": "45",
      "AQLid": "45",
      "EMCode": "178"
    },
    {
      "QSid": "66",
      "QDes": "/爱心",
      "IQLid": "28",
      "AQLid": "28",
      "EMCode": "166"
    },
    {
      "QSid": "63",
      "QDes": "/玫瑰",
      "IQLid": "8",
      "AQLid": "8",
      "EMCode": "163"
    },
    {
      "QSid": "64",
      "QDes": "/凋谢",
      "IQLid": "57",
      "AQLid": "57",
      "EMCode": "164"
    },
    {
      "QSid": "187",
      "QDes": "/幽灵",
      "IQLid": "157",
      "AQLid": "179",
      "EMCode": "257"
    },
    {
      "QSid": "146",
      "QDes": "/爆筋",
      "IQLid": "116",
      "AQLid": "118",
      "EMCode": "121011"
    },
    {
      "QSid": "116",
      "QDes": "/示爱",
      "IQLid": "29",
      "AQLid": "29",
      "EMCode": "165"
    },
    {
      "QSid": "67",
      "QDes": "/心碎",
      "IQLid": "72",
      "AQLid": "74",
      "EMCode": "167"
    },
    {
      "QSid": "60",
      "QDes": "/咖啡",
      "IQLid": "66",
      "AQLid": "66",
      "EMCode": "160"
    },
    {
      "QSid": "185",
      "QDes": "/羊驼",
      "IQLid": "155",
      "AQLid": "177",
      "EMCode": "255"
    },
    {
      "QSid": "137",
      "QDes": "/鞭炮",
      "isStatic": "1",
      "IQLid": "107",
      "AQLid": "109",
      "EMCode": "121002",
      "AniStickerType": 1,
      "AniStickerPackId": "1",
      "AniStickerId": "18"
    },
    {
      "QSid": "333",
      "QDes": "/烟花",
      "isStatic": "1",
      "IQLid": "333",
      "AQLid": "333",
      "EMCode": "10333",
      "AniStickerType": 1,
      "AniStickerPackId": "1",
      "AniStickerId": "19"
    },
    {
      "QSid": "76",
      "QDes": "/赞",
      "IQLid": "52",
      "AQLid": "52",
      "EMCode": "179"
    },
    {
      "QSid": "124",
      "QDes": "/OK",
      "IQLid": "64",
      "AQLid": "64",
      "EMCode": "189"
    },
    {
      "QSid": "118",
      "QDes": "/抱拳",
      "IQLid": "56",
      "AQLid": "56",
      "EMCode": "183"
    },
    {
      "QSid": "78",
      "QDes": "/握手",
      "IQLid": "54",
      "AQLid": "54",
      "EMCode": "181"
    },
    {
      "QSid": "119",
      "QDes": "/勾引",
      "IQLid": "63",
      "AQLid": "63",
      "EMCode": "184"
    },
    {
      "QSid": "79",
      "QDes": "/胜利",
      "IQLid": "55",
      "AQLid": "55",
      "EMCode": "182"
    },
    {
      "QSid": "120",
      "QDes": "/拳头",
      "IQLid": "71",
      "AQLid": "73",
      "EMCode": "185"
    },
    {
      "QSid": "121",
      "QDes": "/差劲",
      "IQLid": "70",
      "AQLid": "72",
      "EMCode": "186"
    },
    {
      "QSid": "77",
      "QDes": "/踩",
      "IQLid": "53",
      "AQLid": "53",
      "EMCode": "180"
    },
    {
      "QSid": "123",
      "QDes": "/NO",
      "IQLid": "92",
      "AQLid": "94",
      "EMCode": "188"
    },
    {
      "QSid": "201",
      "QDes": "/点赞",
      "IQLid": "171",
      "AQLid": "150",
      "EMCode": "271"
    },
    {
      "QSid": "273",
      "QDes": "/我酸了",
      "isStatic": "1",
      "IQLid": "273",
      "AQLid": "273",
      "EMCode": "10273"
    },
    {
      "QSid": "46",
      "QDes": "/猪头",
      "isStatic": "1",
      "IQLid": "7",
      "AQLid": "7",
      "EMCode": "162"
    },
    {
      "QSid": "112",
      "QDes": "/菜刀",
      "IQLid": "17",
      "AQLid": "17",
      "EMCode": "155"
    },
    {
      "QSid": "56",
      "QDes": "/刀",
      "IQLid": "68",
      "AQLid": "70",
      "EMCode": "171"
    },
    {
      "QSid": "169",
      "QDes": "/手枪",
      "isStatic": "1",
      "IQLid": "139",
      "AQLid": "141",
      "EMCode": "121034"
    },
    {
      "QSid": "171",
      "QDes": "/茶",
      "IQLid": "141",
      "AQLid": "163",
      "EMCode": "241"
    },
    {
      "QSid": "59",
      "QDes": "/便便",
      "IQLid": "15",
      "AQLid": "15",
      "EMCode": "174"
    },
    {
      "QSid": "144",
      "QDes": "/喝彩",
      "isStatic": "1",
      "IQLid": "114",
      "AQLid": "116",
      "EMCode": "121009"
    },
    {
      "QSid": "147",
      "QDes": "/棒棒糖",
      "isStatic": "1",
      "IQLid": "117",
      "AQLid": "119",
      "EMCode": "121012"
    },
    {
      "QSid": "89",
      "QDes": "/西瓜",
      "isStatic": "1",
      "IQLid": "60",
      "AQLid": "60",
      "EMCode": "156"
    },
    {
      "QSid": "148",
      "QDes": "/喝奶",
      "isStatic": "1",
      "IQLid": "118",
      "AQLid": "120",
      "QHide": "1",
      "EMCode": "121013"
    },
    {
      "QSid": "55",
      "QDes": "/炸弹",
      "isStatic": "1",
      "IQLid": "16",
      "AQLid": "16",
      "QHide": "1",
      "EMCode": "170"
    },
    {
      "QSid": "41",
      "QDes": "/发抖",
      "isStatic": "1",
      "IQLid": "69",
      "AQLid": "71",
      "EMCode": "193"
    },
    {
      "QSid": "125",
      "QDes": "/转圈",
      "IQLid": "95",
      "AQLid": "97",
      "EMCode": "195"
    },
    {
      "QSid": "42",
      "QDes": "/爱情",
      "IQLid": "38",
      "AQLid": "38",
      "EMCode": "190"
    },
    {
      "QSid": "43",
      "QDes": "/跳跳",
      "IQLid": "93",
      "AQLid": "95",
      "EMCode": "192"
    },
    {
      "QSid": "86",
      "QDes": "/怄火",
      "IQLid": "94",
      "AQLid": "96",
      "EMCode": "194"
    },
    {
      "QSid": "129",
      "QDes": "/挥手",
      "IQLid": "77",
      "AQLid": "79",
      "EMCode": "199"
    },
    {
      "QSid": "226",
      "QDes": "/拍桌",
      "IQLid": "196",
      "isCMEmoji": "1",
      "AQLid": "198",
      "QHide": "1",
      "EMCode": "297"
    },
    {
      "QSid": "85",
      "QDes": "/飞吻",
      "isStatic": "1",
      "IQLid": "47",
      "AQLid": "47",
      "EMCode": "191"
    },
    {
      "QSid": "215",
      "QDes": "/糊脸",
      "IQLid": "185",
      "isCMEmoji": "1",
      "AQLid": "187",
      "QHide": "1",
      "EMCode": "285"
    },
    {
      "QSid": "214",
      "QDes": "/啵啵",
      "IQLid": "184",
      "isCMEmoji": "1",
      "AQLid": "186",
      "QHide": "1",
      "EMCode": "284"
    },
    {
      "QSid": "222",
      "QDes": "/抱抱",
      "IQLid": "192",
      "isCMEmoji": "1",
      "AQLid": "194",
      "QHide": "1",
      "EMCode": "292"
    },
    {
      "QSid": "203",
      "QDes": "/托脸",
      "IQLid": "173",
      "AQLid": "152",
      "QHide": "1",
      "EMCode": "273"
    },
    {
      "QSid": "235",
      "QDes": "/颤抖",
      "IQLid": "205",
      "isCMEmoji": "1",
      "AQLid": "207",
      "QHide": "1",
      "EMCode": "305"
    },
    {
      "QSid": "241",
      "QDes": "/生日快乐",
      "IQLid": "211",
      "isCMEmoji": "1",
      "AQLid": "213",
      "QHide": "1",
      "EMCode": "311"
    },
    {
      "QSid": "237",
      "QDes": "/偷看",
      "IQLid": "207",
      "isCMEmoji": "1",
      "AQLid": "209",
      "QHide": "1",
      "EMCode": "307"
    },
    {
      "QSid": "218",
      "QDes": "/舔一舔",
      "IQLid": "188",
      "isCMEmoji": "1",
      "AQLid": "190",
      "QHide": "1",
      "EMCode": "288"
    },
    {
      "QSid": "233",
      "QDes": "/掐一掐",
      "IQLid": "203",
      "isCMEmoji": "1",
      "AQLid": "205",
      "QHide": "1",
      "EMCode": "303"
    },
    {
      "QSid": "232",
      "QDes": "/佛系",
      "IQLid": "202",
      "isCMEmoji": "1",
      "AQLid": "204",
      "QHide": "1",
      "EMCode": "302"
    },
    {
      "QSid": "238",
      "QDes": "/扇脸",
      "IQLid": "208",
      "isCMEmoji": "1",
      "AQLid": "210",
      "QHide": "1",
      "EMCode": "308"
    },
    {
      "QSid": "217",
      "QDes": "/扯一扯",
      "IQLid": "187",
      "isCMEmoji": "1",
      "AQLid": "189",
      "QHide": "1",
      "EMCode": "287"
    },
    {
      "QSid": "225",
      "QDes": "/撩一撩",
      "IQLid": "195",
      "isCMEmoji": "1",
      "AQLid": "197",
      "QHide": "1",
      "EMCode": "296"
    },
    {
      "QSid": "230",
      "QDes": "/嘲讽",
      "IQLid": "200",
      "isCMEmoji": "1",
      "AQLid": "202",
      "QHide": "1",
      "EMCode": "300"
    },
    {
      "QSid": "194",
      "QDes": "/不开心",
      "IQLid": "164",
      "AQLid": "143",
      "QHide": "1",
      "EMCode": "264"
    },
    {
      "QSid": "210",
      "QDes": "/飙泪",
      "IQLid": "180",
      "AQLid": "159",
      "QHide": "1",
      "EMCode": "280"
    },
    {
      "QSid": "193",
      "QDes": "/大笑",
      "IQLid": "163",
      "AQLid": "185",
      "QHide": "1",
      "EMCode": "263"
    },
    {
      "QSid": "204",
      "QDes": "/吃",
      "IQLid": "174",
      "AQLid": "153",
      "QHide": "1",
      "EMCode": "274"
    },
    {
      "QSid": "200",
      "QDes": "/求求",
      "IQLid": "170",
      "AQLid": "149",
      "QHide": "1",
      "EMCode": "270"
    },
    {
      "QSid": "290",
      "QDes": "/敲开心",
      "IQLid": "290",
      "isCMEmoji": "1",
      "AQLid": "290",
      "QHide": "1",
      "EMCode": "20240"
    },
    {
      "QSid": "224",
      "QDes": "/开枪",
      "IQLid": "194",
      "isCMEmoji": "1",
      "AQLid": "196",
      "QHide": "1",
      "EMCode": "295"
    },
    {
      "QSid": "229",
      "QDes": "/干杯",
      "IQLid": "199",
      "isCMEmoji": "1",
      "AQLid": "201",
      "QHide": "1",
      "EMCode": "299"
    },
    {
      "QSid": "221",
      "QDes": "/顶呱呱",
      "IQLid": "191",
      "isCMEmoji": "1",
      "AQLid": "193",
      "QHide": "1",
      "EMCode": "291"
    },
    {
      "QSid": "219",
      "QDes": "/蹭一蹭",
      "IQLid": "189",
      "isCMEmoji": "1",
      "AQLid": "191",
      "QHide": "1",
      "EMCode": "289"
    },
    {
      "QSid": "227",
      "QDes": "/拍手",
      "IQLid": "197",
      "isCMEmoji": "1",
      "AQLid": "199",
      "QHide": "1",
      "EMCode": "294"
    },
    {
      "QSid": "216",
      "QDes": "/拍头",
      "IQLid": "186",
      "isCMEmoji": "1",
      "AQLid": "188",
      "QHide": "1",
      "EMCode": "286"
    },
    {
      "QSid": "231",
      "QDes": "/哼",
      "IQLid": "201",
      "isCMEmoji": "1",
      "AQLid": "203",
      "QHide": "1",
      "EMCode": "301"
    },
    {
      "QSid": "244",
      "QDes": "/扔狗",
      "IQLid": "214",
      "isCMEmoji": "1",
      "AQLid": "216",
      "QHide": "1",
      "EMCode": "312"
    },
    {
      "QSid": "223",
      "QDes": "/暴击",
      "IQLid": "193",
      "isCMEmoji": "1",
      "AQLid": "195",
      "QHide": "1",
      "EMCode": "293"
    },
    {
      "QSid": "243",
      "QDes": "/甩头",
      "IQLid": "213",
      "isCMEmoji": "1",
      "AQLid": "215",
      "QHide": "1",
      "EMCode": "313"
    },
    {
      "QSid": "211",
      "QDes": "/我不看",
      "IQLid": "181",
      "AQLid": "160",
      "QHide": "1",
      "EMCode": "281"
    },
    {
      "QSid": "292",
      "QDes": "/让我康康",
      "IQLid": "292",
      "isCMEmoji": "1",
      "AQLid": "292",
      "QHide": "1",
      "EMCode": "20242"
    },
    {
      "QSid": "240",
      "QDes": "/喷脸",
      "IQLid": "210",
      "isCMEmoji": "1",
      "AQLid": "212",
      "QHide": "1",
      "EMCode": "310"
    },
    {
      "QSid": "180",
      "QDes": "/惊喜",
      "IQLid": "150",
      "AQLid": "172",
      "QHide": "1",
      "EMCode": "250"
    },
    {
      "QSid": "122",
      "QDes": "/爱你",
      "IQLid": "65",
      "AQLid": "65",
      "QHide": "1",
      "EMCode": "187"
    },
    {
      "QSid": "202",
      "QDes": "/无聊",
      "IQLid": "172",
      "AQLid": "151",
      "QHide": "1",
      "EMCode": "272"
    },
    {
      "QSid": "278",
      "QDes": "/汗",
      "IQLid": "278",
      "isCMEmoji": "1",
      "AQLid": "278",
      "QHide": "1",
      "EMCode": "20237"
    },
    {
      "QSid": "301",
      "QDes": "/好闪",
      "IQLid": "301",
      "AQLid": "301",
      "QHide": "1",
      "EMCode": "10301"
    },
    {
      "QSid": "288",
      "QDes": "/请",
      "IQLid": "288",
      "AQLid": "288",
      "QHide": "1",
      "EMCode": "10288"
    },
    {
      "QSid": "322",
      "QDes": "/拒绝",
      "IQLid": "322",
      "AQLid": "322",
      "QHide": "1",
      "EMCode": "10322"
    },
    {
      "QSid": "198",
      "QDes": "/呃",
      "IQLid": "168",
      "AQLid": "147",
      "QHide": "1",
      "EMCode": "268"
    },
    {
      "QSid": "348",
      "QDes": "/福萝卜",
      "IQLid": "348",
      "AQLid": "348",
      "QHide": "1",
      "EMCode": "10348"
    },
    {
      "QSid": "206",
      "QDes": "/害怕",
      "IQLid": "176",
      "AQLid": "155",
      "QHide": "1",
      "EMCode": "276"
    },
    {
      "QSid": "239",
      "QDes": "/原谅",
      "IQLid": "209",
      "isCMEmoji": "1",
      "AQLid": "211",
      "QHide": "1",
      "EMCode": "309"
    }
  ],
  "emoji": [
    {
      "QSid": "😊",
      "QCid": "128522",
      "AQLid": "0",
      "QDes": "/嘿嘿",
      "EMCode": "400832"
    },
    {
      "QSid": "😌",
      "QCid": "128524",
      "AQLid": "1",
      "QDes": "/羞涩",
      "EMCode": "400834"
    },
    {
      "QSid": "😚",
      "QCid": "128538",
      "AQLid": "2",
      "QDes": "/亲亲",
      "EMCode": "400848"
    },
    {
      "QSid": "😓",
      "QCid": "128531",
      "AQLid": "3",
      "QDes": "/汗",
      "EMCode": "400841"
    },
    {
      "QSid": "😰",
      "QCid": "128560",
      "AQLid": "4",
      "QDes": "/紧张",
      "EMCode": "400870"
    },
    {
      "QSid": "😝",
      "QCid": "128541",
      "AQLid": "5",
      "QDes": "/吐舌",
      "EMCode": "400851"
    },
    {
      "QSid": "😁",
      "QCid": "128513",
      "AQLid": "6",
      "QDes": "/呲牙",
      "EMCode": "400823"
    },
    {
      "QSid": "😜",
      "QCid": "128540",
      "AQLid": "7",
      "QDes": "/淘气",
      "EMCode": "400850"
    },
    {
      "QSid": "☺",
      "QCid": "9786",
      "AQLid": "8",
      "QDes": "/可爱",
      "EMCode": "401181"
    },
    {
      "QSid": "😉",
      "QCid": "128521",
      "AQLid": "9",
      "QDes": "/媚眼",
      "QHide": "1",
      "EMCode": "400831"
    },
    {
      "QSid": "😍",
      "QCid": "128525",
      "AQLid": "10",
      "QDes": "/花痴",
      "EMCode": "400835"
    },
    {
      "QSid": "😔",
      "QCid": "128532",
      "AQLid": "11",
      "QDes": "/失落",
      "EMCode": "400842"
    },
    {
      "QSid": "😄",
      "QCid": "128516",
      "AQLid": "12",
      "QDes": "/高兴",
      "EMCode": "400826"
    },
    {
      "QSid": "😏",
      "QCid": "128527",
      "AQLid": "13",
      "QDes": "/哼哼",
      "EMCode": "400837"
    },
    {
      "QSid": "😒",
      "QCid": "128530",
      "AQLid": "14",
      "QDes": "/不屑",
      "EMCode": "400840"
    },
    {
      "QSid": "😳",
      "QCid": "128563",
      "AQLid": "15",
      "QDes": "/瞪眼",
      "EMCode": "400873"
    },
    {
      "QSid": "😘",
      "QCid": "128536",
      "AQLid": "16",
      "QDes": "/飞吻",
      "EMCode": "400846"
    },
    {
      "QSid": "😭",
      "QCid": "128557",
      "AQLid": "17",
      "QDes": "/大哭",
      "EMCode": "400867"
    },
    {
      "QSid": "😱",
      "QCid": "128561",
      "AQLid": "18",
      "QDes": "/害怕",
      "EMCode": "400871"
    },
    {
      "QSid": "😂",
      "QCid": "128514",
      "AQLid": "19",
      "QDes": "/激动",
      "EMCode": "400824"
    },
    {
      "QSid": "💪",
      "QCid": "128170",
      "AQLid": "20",
      "QDes": "/肌肉",
      "EMCode": "400644"
    },
    {
      "QSid": "👊",
      "QCid": "128074",
      "AQLid": "21",
      "QDes": "/拳头",
      "EMCode": "400390"
    },
    {
      "QSid": "👍",
      "QCid": "128077",
      "AQLid": "22",
      "QDes": "/厉害",
      "EMCode": "400408"
    },
    {
      "QSid": "☝",
      "QCid": "9757",
      "AQLid": "23",
      "QDes": "/向上",
      "QHide": "1",
      "EMCode": "401203"
    },
    {
      "QSid": "👏",
      "QCid": "128079",
      "AQLid": "24",
      "QDes": "/鼓掌",
      "EMCode": "400420"
    },
    {
      "QSid": "✌",
      "QCid": "9996",
      "AQLid": "25",
      "QDes": "/胜利",
      "QHide": "1",
      "EMCode": "401210"
    },
    {
      "QSid": "👎",
      "QCid": "128078",
      "AQLid": "26",
      "QDes": "/鄙视",
      "EMCode": "400414"
    },
    {
      "QSid": "🙏",
      "QCid": "128591",
      "AQLid": "27",
      "QDes": "/合十",
      "EMCode": "400396"
    },
    {
      "QSid": "👌",
      "QCid": "128076",
      "AQLid": "28",
      "QDes": "/好的",
      "EMCode": "400402"
    },
    {
      "QSid": "👈",
      "QCid": "128072",
      "AQLid": "29",
      "QDes": "/向左",
      "QHide": "1",
      "EMCode": "400378"
    },
    {
      "QSid": "👉",
      "QCid": "128073",
      "AQLid": "30",
      "QDes": "/向右",
      "QHide": "1",
      "EMCode": "400384"
    },
    {
      "QSid": "👆",
      "QCid": "128070",
      "AQLid": "31",
      "QDes": "/向上",
      "EMCode": "400366"
    },
    {
      "QSid": "👇",
      "QCid": "128071",
      "AQLid": "32",
      "QDes": "/向下",
      "QHide": "1",
      "EMCode": "400372"
    },
    {
      "QSid": "👀",
      "QCid": "128064",
      "AQLid": "33",
      "QDes": "/眼睛",
      "EMCode": "400351"
    },
    {
      "QSid": "👃",
      "QCid": "128067",
      "AQLid": "34",
      "QDes": "/鼻子",
      "QHide": "1",
      "EMCode": "400358"
    },
    {
      "QSid": "👄",
      "QCid": "128068",
      "AQLid": "35",
      "QDes": "/嘴唇",
      "QHide": "1",
      "EMCode": "400364"
    },
    {
      "QSid": "👂",
      "QCid": "128066",
      "AQLid": "36",
      "QDes": "/耳朵",
      "QHide": "1",
      "EMCode": "400352"
    },
    {
      "QSid": "🍚",
      "QCid": "127834",
      "AQLid": "37",
      "QDes": "/米饭",
      "QHide": "1",
      "EMCode": "400149"
    },
    {
      "QSid": "🍝",
      "QCid": "127837",
      "AQLid": "38",
      "QDes": "/意面",
      "QHide": "1",
      "EMCode": "400152"
    },
    {
      "QSid": "🍜",
      "QCid": "127836",
      "AQLid": "39",
      "QDes": "/拉面",
      "EMCode": "400151"
    },
    {
      "QSid": "🍙",
      "QCid": "127833",
      "AQLid": "40",
      "QDes": "/饭团",
      "QHide": "1",
      "EMCode": "400148"
    },
    {
      "QSid": "🍧",
      "QCid": "127847",
      "AQLid": "41",
      "QDes": "/刨冰",
      "EMCode": "400162"
    },
    {
      "QSid": "🍣",
      "QCid": "127843",
      "AQLid": "42",
      "QDes": "/寿司",
      "QHide": "1",
      "EMCode": "400158"
    },
    {
      "QSid": "🎂",
      "QCid": "127874",
      "AQLid": "43",
      "QDes": "/蛋糕",
      "QHide": "1",
      "EMCode": "400186"
    },
    {
      "QSid": "🍞",
      "QCid": "127838",
      "AQLid": "44",
      "QDes": "/面包",
      "EMCode": "400153"
    },
    {
      "QSid": "🍔",
      "QCid": "127828",
      "AQLid": "45",
      "QDes": "/汉堡",
      "QHide": "1",
      "EMCode": "400143"
    },
    {
      "QSid": "🍳",
      "QCid": "127859",
      "AQLid": "46",
      "QDes": "/煎蛋",
      "QHide": "1",
      "EMCode": "400174"
    },
    {
      "QSid": "🍟",
      "QCid": "127839",
      "AQLid": "47",
      "QDes": "/薯条",
      "QHide": "1",
      "EMCode": "400154"
    },
    {
      "QSid": "🍺",
      "QCid": "127866",
      "AQLid": "48",
      "QDes": "/啤酒",
      "EMCode": "400181"
    },
    {
      "QSid": "🍻",
      "QCid": "127867",
      "AQLid": "49",
      "QDes": "/干杯",
      "EMCode": "400182"
    },
    {
      "QSid": "🍸",
      "QCid": "127864",
      "AQLid": "50",
      "QDes": "/高脚杯",
      "QHide": "1",
      "EMCode": "400179"
    },
    {
      "QSid": "☕",
      "QCid": "9749",
      "AQLid": "51",
      "QDes": "/咖啡",
      "EMCode": "401262"
    },
    {
      "QSid": "🍎",
      "QCid": "127822",
      "AQLid": "52",
      "QDes": "/苹果",
      "EMCode": "400137"
    },
    {
      "QSid": "🍊",
      "QCid": "127818",
      "AQLid": "53",
      "QDes": "/橙子",
      "QHide": "1",
      "EMCode": "400133"
    },
    {
      "QSid": "🍓",
      "QCid": "127827",
      "AQLid": "54",
      "QDes": "/草莓",
      "EMCode": "400142"
    },
    {
      "QSid": "🍉",
      "QCid": "127817",
      "AQLid": "55",
      "QDes": "/西瓜",
      "EMCode": "400132"
    },
    {
      "QSid": "💊",
      "QCid": "128138",
      "AQLid": "56",
      "QDes": "/药丸",
      "QHide": "1",
      "EMCode": "400612"
    },
    {
      "QSid": "🚬",
      "QCid": "128684",
      "AQLid": "57",
      "QDes": "/吸烟",
      "EMCode": "400987"
    },
    {
      "QSid": "🎄",
      "QCid": "127876",
      "AQLid": "58",
      "QDes": "/圣诞树",
      "QHide": "1",
      "EMCode": "400188"
    },
    {
      "QSid": "🌹",
      "QCid": "127801",
      "AQLid": "59",
      "QDes": "/玫瑰",
      "EMCode": "400116"
    },
    {
      "QSid": "🎉",
      "QCid": "127881",
      "AQLid": "60",
      "QDes": "/庆祝",
      "EMCode": "400198"
    },
    {
      "QSid": "🌴",
      "QCid": "127796",
      "AQLid": "61",
      "QDes": "/椰子树",
      "QHide": "1",
      "EMCode": "400112"
    },
    {
      "QSid": "💝",
      "QCid": "128157",
      "AQLid": "62",
      "QDes": "/礼物",
      "EMCode": "400631"
    },
    {
      "QSid": "🎀",
      "QCid": "127872",
      "AQLid": "63",
      "QDes": "/蝴蝶结",
      "QHide": "1",
      "EMCode": "400184"
    },
    {
      "QSid": "🎈",
      "QCid": "127880",
      "AQLid": "64",
      "QDes": "/气球",
      "QHide": "1",
      "EMCode": "400197"
    },
    {
      "QSid": "🐚",
      "QCid": "128026",
      "AQLid": "65",
      "QDes": "/海螺",
      "QHide": "1",
      "EMCode": "400314"
    },
    {
      "QSid": "💍",
      "QCid": "128141",
      "AQLid": "66",
      "QDes": "/戒指",
      "QHide": "1",
      "EMCode": "400615"
    },
    {
      "QSid": "💣",
      "QCid": "128163",
      "AQLid": "67",
      "QDes": "/炸弹",
      "EMCode": "400637"
    },
    {
      "QSid": "👑",
      "QCid": "128081",
      "AQLid": "68",
      "QDes": "/皇冠",
      "QHide": "1",
      "EMCode": "400432"
    },
    {
      "QSid": "🔔",
      "QCid": "128276",
      "AQLid": "69",
      "QDes": "/铃铛",
      "QHide": "1",
      "EMCode": "400751"
    },
    {
      "QSid": "⭐",
      "QCid": "11088",
      "AQLid": "70",
      "QDes": "/星星",
      "QHide": "1",
      "EMCode": "401686"
    },
    {
      "QSid": "✨",
      "QCid": "10024",
      "AQLid": "71",
      "QDes": "/闪光",
      "EMCode": "401137"
    },
    {
      "QSid": "💨",
      "QCid": "128168",
      "AQLid": "72",
      "QDes": "/吹气",
      "EMCode": "400642"
    },
    {
      "QSid": "💦",
      "QCid": "128166",
      "AQLid": "73",
      "QDes": "/水",
      "EMCode": "400640"
    },
    {
      "QSid": "🔥",
      "QCid": "128293",
      "AQLid": "74",
      "QDes": "/火",
      "EMCode": "400768"
    },
    {
      "QSid": "🏆",
      "QCid": "127942",
      "AQLid": "75",
      "QDes": "/奖杯",
      "QHide": "1",
      "EMCode": "400256"
    },
    {
      "QSid": "💰",
      "QCid": "128176",
      "AQLid": "76",
      "QDes": "/钱",
      "QHide": "1",
      "EMCode": "400655"
    },
    {
      "QSid": "💤",
      "QCid": "128164",
      "AQLid": "77",
      "QDes": "/睡觉",
      "EMCode": "400638"
    },
    {
      "QSid": "⚡",
      "QCid": "9889",
      "AQLid": "78",
      "QDes": "/闪电",
      "QHide": "1",
      "EMCode": "401685"
    },
    {
      "QSid": "👣",
      "QCid": "128099",
      "AQLid": "79",
      "QDes": "/脚印",
      "QHide": "1",
      "EMCode": "400450"
    },
    {
      "QSid": "💩",
      "QCid": "128169",
      "AQLid": "80",
      "QDes": "/便便",
      "EMCode": "400643"
    },
    {
      "QSid": "💉",
      "QCid": "128137",
      "AQLid": "81",
      "QDes": "/打针",
      "EMCode": "400611"
    },
    {
      "QSid": "♨",
      "QCid": "9832",
      "AQLid": "82",
      "QDes": "/热",
      "QHide": "1",
      "EMCode": "401287"
    },
    {
      "QSid": "📫",
      "QCid": "128235",
      "AQLid": "83",
      "QDes": "/邮箱",
      "EMCode": "400714"
    },
    {
      "QSid": "🔑",
      "QCid": "128273",
      "AQLid": "84",
      "QDes": "/钥匙",
      "QHide": "1",
      "EMCode": "400748"
    },
    {
      "QSid": "🔒",
      "QCid": "128274",
      "AQLid": "85",
      "QDes": "/锁",
      "QHide": "1",
      "EMCode": "400749"
    },
    {
      "QSid": "✈",
      "QCid": "9992",
      "AQLid": "86",
      "QDes": "/飞机",
      "QHide": "1",
      "EMCode": "401298"
    },
    {
      "QSid": "🚄",
      "QCid": "128644",
      "AQLid": "87",
      "QDes": "/列车",
      "QHide": "1",
      "EMCode": "400942"
    },
    {
      "QSid": "🚗",
      "QCid": "128663",
      "AQLid": "88",
      "QDes": "/汽车",
      "QHide": "1",
      "EMCode": "400961"
    },
    {
      "QSid": "🚤",
      "QCid": "128676",
      "AQLid": "89",
      "QDes": "/快艇",
      "QHide": "1",
      "EMCode": "400979"
    },
    {
      "QSid": "🚲",
      "QCid": "128690",
      "AQLid": "90",
      "QDes": "/自行车",
      "QHide": "1",
      "EMCode": "400993"
    },
    {
      "QSid": "🐎",
      "QCid": "128014",
      "AQLid": "91",
      "QDes": "/骑马",
      "EMCode": "400302"
    },
    {
      "QSid": "🚀",
      "QCid": "128640",
      "AQLid": "92",
      "QDes": "/火箭",
      "QHide": "1",
      "EMCode": "400938"
    },
    {
      "QSid": "🚌",
      "QCid": "128652",
      "AQLid": "93",
      "QDes": "/公交",
      "QHide": "1",
      "EMCode": "400950"
    },
    {
      "QSid": "⛵",
      "QCid": "9973",
      "AQLid": "94",
      "QDes": "/船",
      "QHide": "1",
      "EMCode": "401294"
    },
    {
      "QSid": "👩",
      "QCid": "128105",
      "AQLid": "95",
      "QDes": "/妈妈",
      "QHide": "1",
      "EMCode": "400482"
    },
    {
      "QSid": "👨",
      "QCid": "128104",
      "AQLid": "96",
      "QDes": "/爸爸",
      "QHide": "1",
      "EMCode": "400465"
    },
    {
      "QSid": "👧",
      "QCid": "128103",
      "AQLid": "97",
      "QDes": "/女孩",
      "EMCode": "400459"
    },
    {
      "QSid": "👦",
      "QCid": "128102",
      "AQLid": "98",
      "QDes": "/男孩",
      "EMCode": "400453"
    },
    {
      "QSid": "🐵",
      "QCid": "128053",
      "AQLid": "99",
      "QDes": "/猴",
      "EMCode": "400341"
    },
    {
      "QSid": "🐙",
      "QCid": "128025",
      "AQLid": "100",
      "QDes": "/章鱼",
      "QHide": "1",
      "EMCode": "400313"
    },
    {
      "QSid": "🐷",
      "QCid": "128055",
      "AQLid": "101",
      "QDes": "/猪",
      "EMCode": "400343"
    },
    {
      "QSid": "💀",
      "QCid": "128128",
      "AQLid": "102",
      "QDes": "/骷髅",
      "QHide": "1",
      "EMCode": "400572"
    },
    {
      "QSid": "🐤",
      "QCid": "128036",
      "AQLid": "103",
      "QDes": "/小鸡",
      "QHide": "1",
      "EMCode": "400324"
    },
    {
      "QSid": "🐨",
      "QCid": "128040",
      "AQLid": "104",
      "QDes": "/树懒",
      "QHide": "1",
      "EMCode": "400328"
    },
    {
      "QSid": "🐮",
      "QCid": "128046",
      "AQLid": "105",
      "QDes": "/牛",
      "EMCode": "400334"
    },
    {
      "QSid": "🐔",
      "QCid": "128020",
      "AQLid": "106",
      "QDes": "/公鸡",
      "EMCode": "400308"
    },
    {
      "QSid": "🐸",
      "QCid": "128056",
      "AQLid": "107",
      "QDes": "/青蛙",
      "EMCode": "400344"
    },
    {
      "QSid": "👻",
      "QCid": "128123",
      "AQLid": "108",
      "QDes": "/幽灵",
      "EMCode": "400562"
    },
    {
      "QSid": "🐛",
      "QCid": "128027",
      "AQLid": "109",
      "QDes": "/虫",
      "EMCode": "400315"
    },
    {
      "QSid": "🐠",
      "QCid": "128032",
      "AQLid": "110",
      "QDes": "/鱼",
      "QHide": "1",
      "EMCode": "400320"
    },
    {
      "QSid": "🐶",
      "QCid": "128054",
      "AQLid": "111",
      "QDes": "/狗",
      "EMCode": "400342"
    },
    {
      "QSid": "🐯",
      "QCid": "128047",
      "AQLid": "112",
      "QDes": "/老虎",
      "QHide": "1",
      "EMCode": "400335"
    },
    {
      "QSid": "👼",
      "QCid": "128124",
      "AQLid": "113",
      "QDes": "/天使",
      "QHide": "1",
      "EMCode": "400563"
    },
    {
      "QSid": "🐧",
      "QCid": "128039",
      "AQLid": "114",
      "QDes": "/企鹅",
      "QHide": "1",
      "EMCode": "400327"
    },
    {
      "QSid": "🐳",
      "QCid": "128051",
      "AQLid": "115",
      "QDes": "/鲸鱼",
      "EMCode": "400339"
    },
    {
      "QSid": "🐭",
      "QCid": "128045",
      "AQLid": "116",
      "QDes": "/老鼠",
      "QHide": "1",
      "EMCode": "400333"
    },
    {
      "QSid": "👒",
      "QCid": "128082",
      "AQLid": "117",
      "QDes": "/帽子",
      "QHide": "1",
      "EMCode": "400433"
    },
    {
      "QSid": "👗",
      "QCid": "128087",
      "AQLid": "118",
      "QDes": "/连衣裙",
      "QHide": "1",
      "EMCode": "400438"
    },
    {
      "QSid": "💄",
      "QCid": "128132",
      "AQLid": "119",
      "QDes": "/口红",
      "QHide": "1",
      "EMCode": "400591"
    },
    {
      "QSid": "👠",
      "QCid": "128096",
      "AQLid": "120",
      "QDes": "/高跟鞋",
      "QHide": "1",
      "EMCode": "400447"
    },
    {
      "QSid": "👢",
      "QCid": "128098",
      "AQLid": "121",
      "QDes": "/靴子",
      "EMCode": "400449"
    },
    {
      "QSid": "🌂",
      "QCid": "127746",
      "AQLid": "122",
      "QDes": "/雨伞",
      "QHide": "1",
      "EMCode": "400077"
    },
    {
      "QSid": "👜",
      "QCid": "128092",
      "AQLid": "123",
      "QDes": "/包",
      "QHide": "1",
      "EMCode": "400443"
    },
    {
      "QSid": "👙",
      "QCid": "128089",
      "AQLid": "124",
      "QDes": "/内衣",
      "QHide": "1",
      "EMCode": "400440"
    },
    {
      "QSid": "👕",
      "QCid": "128085",
      "AQLid": "125",
      "QDes": "/衣服",
      "QHide": "1",
      "EMCode": "400436"
    },
    {
      "QSid": "👟",
      "QCid": "128095",
      "AQLid": "126",
      "QDes": "/鞋子",
      "QHide": "1",
      "EMCode": "400446"
    },
    {
      "QSid": "☁",
      "QCid": "9729",
      "AQLid": "127",
      "QDes": "/云朵",
      "QHide": "1",
      "EMCode": "401329"
    },
    {
      "QSid": "☀",
      "QCid": "9728",
      "AQLid": "128",
      "QDes": "/晴天",
      "EMCode": "401328"
    },
    {
      "QSid": "☔",
      "QCid": "9748",
      "AQLid": "129",
      "QDes": "/雨天",
      "QHide": "1",
      "EMCode": "401342"
    },
    {
      "QSid": "🌙",
      "QCid": "127769",
      "AQLid": "130",
      "QDes": "/月亮",
      "QHide": "1",
      "EMCode": "400100"
    },
    {
      "QSid": "⛄",
      "QCid": "9924",
      "AQLid": "131",
      "QDes": "/雪人",
      "QHide": "1",
      "EMCode": "401346"
    },
    {
      "QSid": "⭕",
      "QCid": "11093",
      "AQLid": "132",
      "QDes": "/正确",
      "QHide": "1",
      "EMCode": "401687"
    },
    {
      "QSid": "❌",
      "QCid": "10060",
      "AQLid": "133",
      "QDes": "/错误",
      "QHide": "1",
      "EMCode": "401142"
    },
    {
      "QSid": "❔",
      "QCid": "10068",
      "AQLid": "134",
      "QDes": "/问号",
      "EMCode": "401145"
    },
    {
      "QSid": "❕",
      "QCid": "10069",
      "AQLid": "135",
      "QDes": "/叹号",
      "QHide": "1",
      "EMCode": "401146"
    },
    {
      "QSid": "☎",
      "QCid": "9742",
      "AQLid": "136",
      "QDes": "/电话",
      "QHide": "1",
      "EMCode": "401398"
    },
    {
      "QSid": "📷",
      "QCid": "128247",
      "AQLid": "137",
      "QDes": "/相机",
      "QHide": "1",
      "EMCode": "400726"
    },
    {
      "QSid": "📱",
      "QCid": "128241",
      "AQLid": "138",
      "QDes": "/手机",
      "QHide": "1",
      "EMCode": "400720"
    },
    {
      "QSid": "📠",
      "QCid": "128224",
      "AQLid": "139",
      "QDes": "/传真",
      "QHide": "1",
      "EMCode": "400703"
    },
    {
      "QSid": "💻",
      "QCid": "128187",
      "AQLid": "140",
      "QDes": "/电脑",
      "QHide": "1",
      "EMCode": "400666"
    },
    {
      "QSid": "🎥",
      "QCid": "127909",
      "AQLid": "141",
      "QDes": "/摄影机",
      "QHide": "1",
      "EMCode": "400214"
    },
    {
      "QSid": "🎤",
      "QCid": "127908",
      "AQLid": "142",
      "QDes": "/话筒",
      "QHide": "1",
      "EMCode": "400213"
    },
    {
      "QSid": "🔫",
      "QCid": "128299",
      "AQLid": "143",
      "QDes": "/手枪",
      "EMCode": "400774"
    },
    {
      "QSid": "💿",
      "QCid": "128191",
      "AQLid": "144",
      "QDes": "/光碟",
      "QHide": "1",
      "EMCode": "400670"
    },
    {
      "QSid": "💓",
      "QCid": "128147",
      "AQLid": "145",
      "QDes": "/爱心",
      "EMCode": "400621"
    },
    {
      "QSid": "♣",
      "QCid": "9827",
      "AQLid": "146",
      "QDes": "/扑克",
      "QHide": "1",
      "EMCode": "401385"
    },
    {
      "QSid": "🀄",
      "QCid": "126980",
      "AQLid": "147",
      "QDes": "/麻将",
      "QHide": "1",
      "EMCode": "401386"
    },
    {
      "QSid": "〽",
      "QCid": "12349",
      "AQLid": "148",
      "QDes": "/股票",
      "QHide": "1",
      "EMCode": "401691"
    },
    {
      "QSid": "🎰",
      "QCid": "127920",
      "AQLid": "149",
      "QDes": "/老虎机",
      "QHide": "1",
      "EMCode": "400225"
    },
    {
      "QSid": "🚥",
      "QCid": "128677",
      "AQLid": "150",
      "QDes": "/信号灯",
      "QHide": "1",
      "EMCode": "400980"
    },
    {
      "QSid": "🚧",
      "QCid": "128679",
      "AQLid": "151",
      "QDes": "/路障",
      "QHide": "1",
      "EMCode": "400982"
    },
    {
      "QSid": "🎸",
      "QCid": "127928",
      "AQLid": "152",
      "QDes": "/吉他",
      "QHide": "1",
      "EMCode": "400233"
    },
    {
      "QSid": "💈",
      "QCid": "128136",
      "AQLid": "153",
      "QDes": "/理发厅",
      "QHide": "1",
      "EMCode": "400610"
    },
    {
      "QSid": "🛀",
      "QCid": "128704",
      "AQLid": "154",
      "QDes": "/浴缸",
      "QHide": "1",
      "EMCode": "401022"
    },
    {
      "QSid": "🚽",
      "QCid": "128701",
      "AQLid": "155",
      "QDes": "/马桶",
      "QHide": "1",
      "EMCode": "401019"
    },
    {
      "QSid": "🏠",
      "QCid": "127968",
      "AQLid": "156",
      "QDes": "/家",
      "QHide": "1",
      "EMCode": "400271"
    },
    {
      "QSid": "⛪",
      "QCid": "9962",
      "AQLid": "157",
      "QDes": "/教堂",
      "QHide": "1",
      "EMCode": "401281"
    },
    {
      "QSid": "🏦",
      "QCid": "127974",
      "AQLid": "158",
      "QDes": "/银行",
      "QHide": "1",
      "EMCode": "400277"
    },
    {
      "QSid": "🏥",
      "QCid": "127973",
      "AQLid": "159",
      "QDes": "/医院",
      "QHide": "1",
      "EMCode": "400276"
    },
    {
      "QSid": "🏨",
      "QCid": "127976",
      "AQLid": "160",
      "QDes": "/酒店",
      "QHide": "1",
      "EMCode": "400279"
    },
    {
      "QSid": "🏧",
      "QCid": "127975",
      "AQLid": "161",
      "QDes": "/取款机",
      "QHide": "1",
      "EMCode": "400278"
    },
    {
      "QSid": "🏪",
      "QCid": "127978",
      "AQLid": "162",
      "QDes": "/便利店",
      "EMCode": "400281"
    },
    {
      "QSid": "🚹",
      "QCid": "128697",
      "AQLid": "163",
      "QDes": "/男性",
      "QHide": "1",
      "EMCode": "401015"
    },
    {
      "QSid": "🚺",
      "QCid": "128698",
      "AQLid": "164",
      "QDes": "/女性",
      "QHide": "1",
      "EMCode": "401016"
    }
  ]
}